{
    "languages": [
        {
            "lang": "en",
            "freq_table": {
                "A": 0.082,
                "B": 0.015,
                "C": 0.028,
                "D": 0.043,
                "E": 0.127,
                "F": 0.022,
                "G": 0.020,
                "H": 0.061,
                "I": 0.07,
                "J": 0.0015,
                "K": 0.0077,
                "L": 0.04,
                "M": 0.024,
                "N": 0.067,
                "O": 0.075,
                "P": 0.019,
                "Q": 0.00095,
                "R": 0.06,
                "S": 0.063,
                "T": 0.091,
                "U": 0.028,
                "V": 0.0098,
                "W": 0.024,
                "X": 0.0015,
                "Y": 0.02,
                "Z": 0.00074
            }
        },
        {
            "lang": "de",
            "freq_table": {
                "A" :  0.0634,
                "B" :  0.0221,
                "C" :  0.0271,
                "D" :  0.0492,
                "E" :  0.1599,
                "F" :  0.0180,
                "G" :  0.0302,
                "H" :  0.0411,
                "I" :  0.0760,
                "J" :  0.0027,
                "K" :  0.0150,
                "L" :  0.0372,
                "M" :  0.0275,
                "N" :  0.0959,
                "O" :  0.0275,
                "P" :  0.0106,
                "Q" :  0.0004,
                "R" :  0.0771,
                "S" :  0.0641,
                "T" :  0.0643,
                "U" :  0.0376,
                "V" :  0.0094,
                "W" :  0.0140,
                "X" :  0.0007,
                "Y" :  0.0013,
                "Z" :  0.0122,
                "Ä" :  0.0054,
                "Ö" :  0.0024,
                "Ü" :  0.0063,
                "ß" :  0.0015
            }
        },
        {
            "lang": "fr",
            "freq_table": {
                "A": 0.0813,
                "Â": 0.0003,
                "À": 0.0054,
                "B": 0.0093,
                "C": 0.0315,
                "Ç": 0.0001,
                "D": 0.0355,
                "E": 0.1510,
                "Ê": 0.0024,
                "É": 0.0213,
                "È": 0.0035,
                "Ë": 0.0001,
                "F": 0.0096,
                "G": 0.0097,
                "H": 0.0108,
                "I": 0.0694,
                "Ï": 0.0001,
                "Î": 0.0003,
                "J": 0.0071,
                "K": 0.0016,
                "L": 0.0568,
                "M": 0.0323,
                "N": 0.0642,
                "O": 0.0527,
                "Ô": 0.0007,
                "Œ": 0.0001,
                "P": 0.0303,
                "Q": 0.0089,
                "R": 0.0643,
                "S": 0.0791,
                "T": 0.0711,
                "U": 0.0605,
                "Ü": 0.0002,
                "Û": 0.0005,
                "Ù": 0.0002,
                "V": 0.0183,
                "W": 0.0004,
                "X": 0.0042,
                "Y": 0.0019,
                "Z": 0.0021
            }
        },
        {
            "lang": "es",
            "freq_table": {
                "A": 0.1172,
                "Á": 0.0044,
                "B": 0.0149,
                "C": 0.0387,
                "D": 0.0467,
                "E": 0.1372,
                "É": 0.0036,
                "F": 0.0069,
                "G": 0.0100,
                "H": 0.0118,
                "I": 0.0528,
                "Í": 0.0070,
                "J": 0.0052,
                "K": 0.0011,
                "L": 0.0524,
                "M": 0.0308,
                "N": 0.0683,
                "Ñ": 0.0017,
                "O": 0.0844,
                "Ó": 0.0076,
                "P": 0.0289,
                "Q": 0.0111,
                "R": 0.0641,
                "S": 0.0720,
                "T": 0.0460,
                "U": 0.0455,
                "Ü": 0.0002,
                "Ú": 0.0012,
                "V": 0.0105,
                "W": 0.0004,
                "X": 0.0014,
                "Y": 0.0109,
                "Z": 0.0047
            }
        },
        {
            "lang": "qwerty_mash",
            "freq_table": {
                "Z": 0.03919,
                "V": 0.03882,
                "N": 0.03882,
                "Q": 0.03878,
                "G": 0.03877,
                "W": 0.03874,
                "O": 0.03873,
                "B": 0.03872,
                "T": 0.03870,
                "L": 0.03868,
                "H": 0.03856,
                "M": 0.03852,
                "S": 0.03852,
                "D": 0.03851,
                "E": 0.03843,
                "A": 0.03840,
                "R": 0.03838,
                "Y": 0.03836,
                "F": 0.03830,
                "P": 0.03820,
                "K": 0.03808,
                "C": 0.03807,
                "I": 0.03804,
                "U": 0.03802,
                "J": 0.03787,
                "X": 0.03767
        }
        }
    ]
}